Company Domains,Companies
IT Products,Microsoft
,ZOHO
,Sabre
,Autodesk
,Optum
,Adobe
Core Engineering,TATA Motors
,Renault Nissan
,Volvo
,L&T Constructions
,SIEMENS
,Hyundai
Consulting,McKinsey & Company
,Deloitte
,EY (Ernst & Young)
,Nielsen IQ
,PwC (PricewaterhouseCoopers)
,KPMG
Analytics,Mu Sigma
,Moody's Analytics
,Fractal Analytics
,TheMathCompany
,Tiger Analytics
,LatentView
Fintech,Bajaj Finserv
,Barclays
,Standard Chartered
,PayPal
,Fidelity Investments
,Bank Of America
IT Services,Wipro
,TCS
,Cognizant
,Capgemini
,Infosys
,Accenture
,Amazon
